<?xml version="1.0" encoding="UTF-8"?>  
<beans  
    xmlns="http://www.springframework.org/schema/beans"  
    xmlns:xsi="http://www.w3.org/2001/XMLSchema-instance"  
    xmlns:p="http://www.springframework.org/schema/p"  
    xsi:schemaLocation="http://www.springframework.org/schema/beans  
               http://www.springframework.org/schema/beans/spring-beans-3.0.xsd">  
  
<!-- <bean id="studentbean" class="Student">  
<property name="name" value="Shubham"></property>  
<property name="age" value="22"></property> 
</bean>  

<bean id="empbean" class="Employee">  
<constructor-arg value="shubh" type="String"></constructor-arg>  
<constructor-arg value="10" type="int"></constructor-arg>  
</bean>  

<bean id="addsub" class="Address">  
<constructor-arg value="kanpur" type="String"></constructor-arg>  
<constructor-arg value="UP" type="String"></constructor-arg>  
<constructor-arg value="india" type="String"></constructor-arg>  
</bean>  

<bean id="empbeansup" class="Employeee1">  
<constructor-arg value="10" type="int"></constructor-arg>  
<constructor-arg value="shubh" type="String"></constructor-arg>  
<constructor-arg>
<ref bean="addsub"/>
</constructor-arg>
</bean>  

<bean id="qalist" class="Question">
<constructor-arg value="111" type="int"></constructor-arg>  
<constructor-arg value="What is your country??" type="String"></constructor-arg> 
<constructor-arg>
<list>
<value>India</value>
<value>China</value>
<value>Japan</value>
<value>America</value>
</list>
</constructor-arg>
</bean>

//for answer class
<bean id="answerclass" class="Answer">  
<constructor-arg value="10" type="int"></constructor-arg>  
<constructor-arg value="good" type="String"></constructor-arg>  
<constructor-arg value="very good" type="String"></constructor-arg>  
</bean> 

<bean id="questionwithans" class="Question">  
<constructor-arg value="10" type="int"></constructor-arg>  
<constructor-arg value="shubh" type="String"></constructor-arg>  
<constructor-arg>
<ref bean="answerclass"/>
</constructor-arg>
</bean>

<bean id="questionwithansmap" class="QuestionMap">
<constructor-arg value="111" type="int"></constructor-arg>  
<constructor-arg value="What is your country??" type="String"></constructor-arg> 
<constructor-arg>
<map>
<entry key="india" value="shubham"></entry>
<entry key="Java is a Platform" value="John Smith"></entry>  
<entry key="Java is an Island" value="Raj Kumar"></entry>  
</map>
</constructor-arg> -->
 <bean id="ds" class="org.springframework.jdbc.datasource.DriverManagerDataSource">  
    <property name="driverClassName" value="com.mysql.jdbc.Driver" />  
    <property name="url" value="jdbc:mysql://192.168.2.178:3306/IDBI_211_EXPOTDBU_GSTN_SECL"/>  
    <property name="username" value="root" />  
    <property name="password" value="root" />  
    </bean>  
      
    <bean id="jdbcTemplate" class="org.springframework.jdbc.core.JdbcTemplate">  
    <property name="dataSource" ref="ds"></property>  
    </bean>
    
     <bean id="edao" class="test.EmployeeDao2">  
    <property name="jdbcTemplate" ref="jdbcTemplate"></property>  
    </bean> 
   <!--  
    <bean id="edao" class="test.EmployeeDao1">  
    <property name="jdbcTemplate" ref="jdbcTemplate"></property>  
    </bean>   -->  
      
  <!--   <bean id="edao" class="test.EmployeeDao">  
    <property name="jdbcTemplate" ref="jdbcTemplate"></property>  
    </bean>   -->
</beans> 