 <?xml version="1.0" encoding="UTF-8"?>  
    <beans  
        xmlns="http://www.springframework.org/schema/beans"  
        xmlns:xsi="http://www.w3.org/2001/XMLSchema-instance"  
        xmlns:p="http://www.springframework.org/schema/p"  
        xsi:schemaLocation="http://www.springframework.org/schema/beans   
    http://www.springframework.org/schema/beans/spring-beans-3.0.xsd">  
      
    <bean id="ds" class="org.springframework.jdbc.datasource.DriverManagerDataSource">  
    <property name="driverClassName" value="com.mysql.jdbc.Driver" />  
    <property name="url" value="jdbc:mysql://192.168.2.178:3306/IDBI_211_EXPOTDBU_GSTN_SECL"/>  
    <property name="username" value="root" />  
    <property name="password" value="root" />  
    </bean>  
      
    <bean id="jdbcTemplate" class="org.springframework.jdbc.core.JdbcTemplate">  
    <property name="dataSource" ref="ds"></property>  
    </bean>  
      
    <bean id="edao" class="com.javatpoint.EmployeeDao">  
    <property name="jdbcTemplate" ref="jdbcTemplate"></property>  
    </bean>  
      
    </beans>  